Designator,Mid X,Mid Y,Rotation,Layer
C1,109.285,-86.375001,90.0,top
C10,104.885,-98.850002,90.0,top
C11,115.285,-95.870492,270.0,top
C12,106.885001,-94.775003,270.0,top
C13,108.485,-94.775001,270.0,top
C14,105.285,-94.775003,270.0,top
C15,109.885,-83.000001,90.0,top
C16,129.085,-84.125001,270.0,top
C17,128.585,-87.875001,90.0,top
C18,128.585,-92.100001,90.0,top
C19,113.985,-81.400001,180.0,top
C2,107.580001,-89.000001,0.0,top
C3,107.685,-86.375001,90.0,top
C4,121.285001,-92.000001,270.0,top
C5,121.285001,-88.800001,90.0,top
C6,121.285,-84.600001,90.0,top
C7,129.685,-99.000001,90.0,top
C8,131.485,-98.800001,90.0,top
C9,107.085,-98.850002,90.0,top
CN1,100.9225,-91.600001,270.0,top
CN2,134.5475,-91.600001,90.0,top
FB1,122.885,-84.6,270.0,top
H1,135.385,-82.600001,0.0,top
H2,100.085,-82.600001,0.0,top
H3,135.385,-100.100001,0.0,top
H4,100.085,-100.100001,0.0,top
J1,105.850001,-82.000001,270.0,top
L1,111.885,-94.600001,180.0,top
R1,117.685,-90.400001,180.0,top
R10,130.085,-92.100001,90.0,top
R11,130.085,-87.875001,270.0,top
R12,116.485,-92.800001,315.0,top
R2,119.685,-96.400001,270.0,top
R3,116.885,-99.070493,270.0,top
R4,115.285,-99.070493,270.0,top
R5,116.885,-95.870493,270.0,top
R6,103.885,-85.200001,270.0,top
R7,105.485,-85.200001,90.0,top
R8,125.885,-84.125001,90.0,top
R9,127.485,-84.125001,90.0,top
TP2,118.885,-92.200001,0.0,top
TP3,121.285,-81.200001,0.0,top
TP4,123.485,-81.200001,0.0,top
TP5,116.885,-81.200001,0.0,top
TP6,119.085,-81.200001,0.0,top
U1,124.485,-97.500001,0.0,top
U2,114.685,-85.800001,90.0,top
U3,111.685,-98.850001,180.0,top
Y1,124.285,-90.4,270.0,top
